Season,sales_count,total_revenue,avg_order_value
Spring,999,58679,58.73773773773774
Fall,975,60018,61.55692307692308
Winter,971,58607,60.35736354273944
Summer,955,55777,58.405235602094244
