Item Purchased,sales_count,total_revenue,avg_revenue,rank_overall,sales_share_overall_%
Jewelry,171,10010,58.538011695906434,1.0,4.38
Blouse,171,10410,60.87719298245614,1.0,4.38
Pants,171,10090,59.005847953216374,1.0,4.38
Shirt,169,10332,61.13609467455621,2.0,4.33
Dress,166,10320,62.16867469879518,3.0,4.26
