attr,importance,importance_pct
Location,0.4177904972354912,41.78
Purchase Amount (USD),0.1886989904529487,18.87
Frequency of Purchases,0.12111980644256301,12.11
Shipping Type,0.08981161982166956,8.98
Season,0.07266494209714511,7.27
Category,0.05846805898598521,5.85
Subscription Status,0.021165119300531346,2.12
Discount Applied,0.015229861442128992,1.52
Promo Code Used,0.015051104221536663,1.51
