group,importance,importance_pct
product,0.46659302388418605,46.66
user,0.3958866865488518,39.59
logistics,0.11891513941712402,11.89
marketing,0.01860515014983808,1.86
